{
  "metadata": {
    "version": "1.0.0",
    "updated": "2026-02-28",
    "count": 563,
    "focus": "Major cities with emphasis on conflict zones, strategic locations, and frequently mentioned locations"
  },
  "cities": [
    {
      "name": "Gaza City",
      "country": "Palestine",
      "iso2": "PS",
      "lat": 31.5017,
      "lon": 34.4668,
      "region": "Middle East",
      "strategic": true,
      "aliases": ["Gaza"]
    },
    {
      "name": "Tel Aviv",
      "country": "Israel",
      "iso2": "IL",
      "lat": 32.0853,
      "lon": 34.7818,
      "region": "Middle East",
      "strategic": true
    },
    {
      "name": "Jerusalem",
      "country": "Israel",
      "iso2": "IL",
      "lat": 31.7683,
      "lon": 35.2137,
      "region": "Middle East",
      "strategic": true
    },
    {
      "name": "Haifa",
      "country": "Israel",
      "iso2": "IL",
      "lat": 32.7940,
      "lon": 34.9896,
      "region": "Middle East",
      "strategic": true
    },
    {
      "name": "Kyiv",
      "country": "Ukraine",
      "iso2": "UA",
      "lat": 50.4501,
      "lon": 30.5234,
      "region": "Eastern Europe",
      "strategic": true,
      "aliases": ["Kiev"]
    },
    {
      "name": "Kharkiv",
      "country": "Ukraine",
      "iso2": "UA",
      "lat": 49.9935,
      "lon": 36.2304,
      "region": "Eastern Europe",
      "strategic": true
    },
    {
      "name": "Mariupol",
      "country": "Ukraine",
      "iso2": "UA",
      "lat": 47.0956,
      "lon": 37.5431,
      "region": "Eastern Europe",
      "strategic": true
    },
    {
      "name": "Donetsk",
      "country": "Ukraine",
      "iso2": "UA",
      "lat": 48.0159,
      "lon": 37.8028,
      "region": "Eastern Europe",
      "strategic": true
    },
    {
      "name": "Luhansk",
      "country": "Ukraine",
      "iso2": "UA",
      "lat": 48.5670,
      "lon": 39.3171,
      "region": "Eastern Europe",
      "strategic": true
    },
    {
      "name": "Odesa",
      "country": "Ukraine",
      "iso2": "UA",
      "lat": 46.4825,
      "lon": 30.7233,
      "region": "Eastern Europe",
      "strategic": true,
      "aliases": ["Odessa"]
    },
    {
      "name": "Dnipro",
      "country": "Ukraine",
      "iso2": "UA",
      "lat": 48.4647,
      "lon": 35.0462,
      "region": "Eastern Europe",
      "strategic": true
    },
    {
      "name": "Taipei",
      "country": "Taiwan",
      "iso2": "TW",
      "lat": 25.0330,
      "lon": 121.5654,
      "region": "East Asia",
      "strategic": true
    },
    {
      "name": "Tehran",
      "country": "Iran",
      "iso2": "IR",
      "lat": 35.6892,
      "lon": 51.3890,
      "region": "Middle East",
      "strategic": true
    },
    {
      "name": "Damascus",
      "country": "Syria",
      "iso2": "SY",
      "lat": 33.5138,
      "lon": 36.2765,
      "region": "Middle East",
      "strategic": true
    },
    {
      "name": "Aleppo",
      "country": "Syria",
      "iso2": "SY",
      "lat": 36.2021,
      "lon": 37.1343,
      "region": "Middle East",
      "strategic": true
    },
    {
      "name": "Baghdad",
      "country": "Iraq",
      "iso2": "IQ",
      "lat": 33.3152,
      "lon": 44.3661,
      "region": "Middle East",
      "strategic": true
    },
    {
      "name": "Mosul",
      "country": "Iraq",
      "iso2": "IQ",
      "lat": 36.3350,
      "lon": 43.1189,
      "region": "Middle East",
      "strategic": true
    },
    {
      "name": "Beirut",
      "country": "Lebanon",
      "iso2": "LB",
      "lat": 33.8886,
      "lon": 35.4955,
      "region": "Middle East",
      "strategic": true
    },
    {
      "name": "Amman",
      "country": "Jordan",
      "iso2": "JO",
      "lat": 31.9454,
      "lon": 35.9284,
      "region": "Middle East",
      "strategic": true
    },
    {
      "name": "Riyadh",
      "country": "Saudi Arabia",
      "iso2": "SA",
      "lat": 24.7136,
      "lon": 46.6753,
      "region": "Middle East",
      "strategic": true
    },
    {
      "name": "Jeddah",
      "country": "Saudi Arabia",
      "iso2": "SA",
      "lat": 21.4858,
      "lon": 39.1925,
      "region": "Middle East",
      "strategic": true
    },
    {
      "name": "Mecca",
      "country": "Saudi Arabia",
      "iso2": "SA",
      "lat": 21.3891,
      "lon": 39.8579,
      "region": "Middle East",
      "strategic": true
    },
    {
      "name": "Dubai",
      "country": "United Arab Emirates",
      "iso2": "AE",
      "lat": 25.2048,
      "lon": 55.2708,
      "region": "Middle East",
      "strategic": true
    },
    {
      "name": "Abu Dhabi",
      "country": "United Arab Emirates",
      "iso2": "AE",
      "lat": 24.4539,
      "lon": 54.3773,
      "region": "Middle East",
      "strategic": true
    },
    {
      "name": "Doha",
      "country": "Qatar",
      "iso2": "QA",
      "lat": 25.2854,
      "lon": 51.5310,
      "region": "Middle East",
      "strategic": true
    },
    {
      "name": "Kuwait City",
      "country": "Kuwait",
      "iso2": "KW",
      "lat": 29.3759,
      "lon": 47.9774,
      "region": "Middle East",
      "strategic": true
    },
    {
      "name": "Manama",
      "country": "Bahrain",
      "iso2": "BH",
      "lat": 26.0667,
      "lon": 50.5577,
      "region": "Middle East",
      "strategic": true
    },
    {
      "name": "Muscat",
      "country": "Oman",
      "iso2": "OM",
      "lat": 23.5880,
      "lon": 58.3829,
      "region": "Middle East",
      "strategic": true
    },
    {
      "name": "Sana'a",
      "country": "Yemen",
      "iso2": "YE",
      "lat": 15.5527,
      "lon": 44.2075,
      "region": "Middle East",
      "strategic": true,
      "aliases": ["Sanaa"]
    },
    {
      "name": "Aden",
      "country": "Yemen",
      "iso2": "YE",
      "lat": 12.7855,
      "lon": 45.0187,
      "region": "Middle East",
      "strategic": true
    },
    {
      "name": "Cairo",
      "country": "Egypt",
      "iso2": "EG",
      "lat": 30.0444,
      "lon": 31.2357,
      "region": "North Africa",
      "strategic": true
    },
    {
      "name": "Alexandria",
      "country": "Egypt",
      "iso2": "EG",
      "lat": 31.2001,
      "lon": 29.9187,
      "region": "North Africa",
      "strategic": true
    },
    {
      "name": "Tripoli",
      "country": "Libya",
      "iso2": "LY",
      "lat": 32.8872,
      "lon": 13.1913,
      "region": "North Africa",
      "strategic": true
    },
    {
      "name": "Benghazi",
      "country": "Libya",
      "iso2": "LY",
      "lat": 32.1191,
      "lon": 20.0869,
      "region": "North Africa",
      "strategic": true
    },
    {
      "name": "Khartoum",
      "country": "Sudan",
      "iso2": "SD",
      "lat": 15.5007,
      "lon": 32.5599,
      "region": "North Africa",
      "strategic": true
    },
    {
      "name": "Moscow",
      "country": "Russia",
      "iso2": "RU",
      "lat": 55.7558,
      "lon": 37.6173,
      "region": "Eastern Europe",
      "strategic": true
    },
    {
      "name": "Saint Petersburg",
      "country": "Russia",
      "iso2": "RU",
      "lat": 59.9343,
      "lon": 30.3351,
      "region": "Eastern Europe",
      "strategic": true
    },
    {
      "name": "Sevastopol",
      "country": "Ukraine",
      "iso2": "UA",
      "lat": 44.6167,
      "lon": 33.5254,
      "region": "Eastern Europe",
      "strategic": true
    },
    {
      "name": "Minsk",
      "country": "Belarus",
      "iso2": "BY",
      "lat": 53.9045,
      "lon": 27.5615,
      "region": "Eastern Europe",
      "strategic": true
    },
    {
      "name": "Beijing",
      "country": "China",
      "iso2": "CN",
      "lat": 39.9042,
      "lon": 116.4074,
      "region": "East Asia",
      "strategic": true
    },
    {
      "name": "Shanghai",
      "country": "China",
      "iso2": "CN",
      "lat": 31.2304,
      "lon": 121.4737,
      "region": "East Asia",
      "strategic": true
    },
    {
      "name": "Hong Kong",
      "country": "China",
      "iso2": "CN",
      "lat": 22.3193,
      "lon": 114.1694,
      "region": "East Asia",
      "strategic": true
    },
    {
      "name": "Pyongyang",
      "country": "North Korea",
      "iso2": "KP",
      "lat": 39.0392,
      "lon": 125.7625,
      "region": "East Asia",
      "strategic": true
    },
    {
      "name": "Seoul",
      "country": "South Korea",
      "iso2": "KR",
      "lat": 37.5665,
      "lon": 126.9780,
      "region": "East Asia",
      "strategic": true
    },
    {
      "name": "Tokyo",
      "country": "Japan",
      "iso2": "JP",
      "lat": 35.6762,
      "lon": 139.6503,
      "region": "East Asia",
      "strategic": true
    },
    {
      "name": "Kabul",
      "country": "Afghanistan",
      "iso2": "AF",
      "lat": 34.5553,
      "lon": 69.2075,
      "region": "South Asia",
      "strategic": true
    },
    {
      "name": "Islamabad",
      "country": "Pakistan",
      "iso2": "PK",
      "lat": 33.6844,
      "lon": 73.0479,
      "region": "South Asia",
      "strategic": true
    },
    {
      "name": "Karachi",
      "country": "Pakistan",
      "iso2": "PK",
      "lat": 24.8607,
      "lon": 67.0011,
      "region": "South Asia",
      "strategic": true
    },
    {
      "name": "New Delhi",
      "country": "India",
      "iso2": "IN",
      "lat": 28.6139,
      "lon": 77.2090,
      "region": "South Asia",
      "strategic": true
    },
    {
      "name": "Mumbai",
      "country": "India",
      "iso2": "IN",
      "lat": 19.0760,
      "lon": 72.8777,
      "region": "South Asia",
      "strategic": true
    },
    {
      "name": "London",
      "country": "United Kingdom",
      "iso2": "GB",
      "lat": 51.5074,
      "lon": -0.1278,
      "region": "Western Europe"
    },
    {
      "name": "Paris",
      "country": "France",
      "iso2": "FR",
      "lat": 48.8566,
      "lon": 2.3522,
      "region": "Western Europe"
    },
    {
      "name": "Berlin",
      "country": "Germany",
      "iso2": "DE",
      "lat": 52.5200,
      "lon": 13.4050,
      "region": "Western Europe"
    },
    {
      "name": "Madrid",
      "country": "Spain",
      "iso2": "ES",
      "lat": 40.4168,
      "lon": -3.7038,
      "region": "Southern Europe"
    },
    {
      "name": "Rome",
      "country": "Italy",
      "iso2": "IT",
      "lat": 41.9028,
      "lon": 12.4964,
      "region": "Southern Europe"
    },
    {
      "name": "Athens",
      "country": "Greece",
      "iso2": "GR",
      "lat": 37.9838,
      "lon": 23.7275,
      "region": "Southern Europe",
      "strategic": true
    },
    {
      "name": "Ankara",
      "country": "Turkey",
      "iso2": "TR",
      "lat": 39.9334,
      "lon": 32.8597,
      "region": "Middle East/Europe",
      "strategic": true
    },
    {
      "name": "Istanbul",
      "country": "Turkey",
      "iso2": "TR",
      "lat": 41.0082,
      "lon": 28.9784,
      "region": "Middle East/Europe",
      "strategic": true
    },
    {
      "name": "Warsaw",
      "country": "Poland",
      "iso2": "PL",
      "lat": 52.2297,
      "lon": 21.0122,
      "region": "Central Europe",
      "strategic": true
    },
    {
      "name": "Bucharest",
      "country": "Romania",
      "iso2": "RO",
      "lat": 44.4268,
      "lon": 26.1025,
      "region": "Eastern Europe",
      "strategic": true
    },
    {
      "name": "Belgrade",
      "country": "Serbia",
      "iso2": "RS",
      "lat": 44.7866,
      "lon": 20.4489,
      "region": "Balkans",
      "strategic": true
    },
    {
      "name": "Tallinn",
      "country": "Estonia",
      "iso2": "EE",
      "lat": 59.4370,
      "lon": 24.7536,
      "region": "Baltic States",
      "strategic": true
    },
    {
      "name": "Riga",
      "country": "Latvia",
      "iso2": "LV",
      "lat": 56.9496,
      "lon": 24.1052,
      "region": "Baltic States",
      "strategic": true
    },
    {
      "name": "Vilnius",
      "country": "Lithuania",
      "iso2": "LT",
      "lat": 54.6872,
      "lon": 25.2797,
      "region": "Baltic States",
      "strategic": true
    },
    {
      "name": "Helsinki",
      "country": "Finland",
      "iso2": "FI",
      "lat": 60.1695,
      "lon": 24.9354,
      "region": "Northern Europe",
      "strategic": true
    },
    {
      "name": "Stockholm",
      "country": "Sweden",
      "iso2": "SE",
      "lat": 59.3293,
      "lon": 18.0686,
      "region": "Northern Europe",
      "strategic": true
    },
    {
      "name": "Washington, D.C.",
      "country": "United States",
      "iso2": "US",
      "lat": 38.9072,
      "lon": -77.0369,
      "region": "North America",
      "strategic": true,
      "aliases": ["Washington"]
    },
    {
      "name": "New York",
      "country": "United States",
      "iso2": "US",
      "lat": 40.7128,
      "lon": -74.0060,
      "region": "North America",
      "strategic": true
    },
    {
      "name": "Los Angeles",
      "country": "United States",
      "iso2": "US",
      "lat": 34.0522,
      "lon": -118.2437,
      "region": "North America"
    },
    {
      "name": "Chicago",
      "country": "United States",
      "iso2": "US",
      "lat": 41.8781,
      "lon": -87.6298,
      "region": "North America"
    },
    {
      "name": "Houston",
      "country": "United States",
      "iso2": "US",
      "lat": 29.7604,
      "lon": -95.3698,
      "region": "North America"
    },
    {
      "name": "San Francisco",
      "country": "United States",
      "iso2": "US",
      "lat": 37.7749,
      "lon": -122.4194,
      "region": "North America"
    },
    {
      "name": "Guam",
      "country": "United States",
      "iso2": "US",
      "lat": 13.4443,
      "lon": 144.7937,
      "region": "Pacific",
      "strategic": true
    },
    {
      "name": "Honolulu",
      "country": "United States",
      "iso2": "US",
      "lat": 21.3099,
      "lon": -157.8581,
      "region": "Pacific",
      "strategic": true
    },
    {
      "name": "Vancouver",
      "country": "Canada",
      "iso2": "CA",
      "lat": 49.2827,
      "lon": -123.1207,
      "region": "North America"
    },
    {
      "name": "Toronto",
      "country": "Canada",
      "iso2": "CA",
      "lat": 43.6532,
      "lon": -79.3832,
      "region": "North America"
    },
    {
      "name": "Montreal",
      "country": "Canada",
      "iso2": "CA",
      "lat": 45.5017,
      "lon": -73.5673,
      "region": "North America"
    },
    {
      "name": "Ottawa",
      "country": "Canada",
      "iso2": "CA",
      "lat": 45.4215,
      "lon": -75.6972,
      "region": "North America"
    },
    {
      "name": "Mexico City",
      "country": "Mexico",
      "iso2": "MX",
      "lat": 19.4326,
      "lon": -99.1332,
      "region": "North America"
    },
    {
      "name": "Havana",
      "country": "Cuba",
      "iso2": "CU",
      "lat": 23.1136,
      "lon": -82.3666,
      "region": "Caribbean",
      "strategic": true
    },
    {
      "name": "Caracas",
      "country": "Venezuela",
      "iso2": "VE",
      "lat": 10.4806,
      "lon": -66.9036,
      "region": "South America",
      "strategic": true
    },
    {
      "name": "Brasília",
      "country": "Brazil",
      "iso2": "BR",
      "lat": -15.8267,
      "lon": -47.9218,
      "region": "South America"
    },
    {
      "name": "São Paulo",
      "country": "Brazil",
      "iso2": "BR",
      "lat": -23.5505,
      "lon": -46.6333,
      "region": "South America"
    },
    {
      "name": "Rio de Janeiro",
      "country": "Brazil",
      "iso2": "BR",
      "lat": -22.9068,
      "lon": -43.1729,
      "region": "South America"
    },
    {
      "name": "Buenos Aires",
      "country": "Argentina",
      "iso2": "AR",
      "lat": -34.6037,
      "lon": -58.3816,
      "region": "South America"
    },
    {
      "name": "Santiago",
      "country": "Chile",
      "iso2": "CL",
      "lat": -33.4489,
      "lon": -70.6693,
      "region": "South America"
    },
    {
      "name": "Lima",
      "country": "Peru",
      "iso2": "PE",
      "lat": -12.0464,
      "lon": -77.0428,
      "region": "South America"
    },
    {
      "name": "Bogotá",
      "country": "Colombia",
      "iso2": "CO",
      "lat": 4.7110,
      "lon": -74.0721,
      "region": "South America"
    },
    {
      "name": "Singapore",
      "country": "Singapore",
      "iso2": "SG",
      "lat": 1.3521,
      "lon": 103.8198,
      "region": "Southeast Asia",
      "strategic": true
    },
    {
      "name": "Manila",
      "country": "Philippines",
      "iso2": "PH",
      "lat": 14.5995,
      "lon": 120.9842,
      "region": "Southeast Asia",
      "strategic": true
    },
    {
      "name": "Bangkok",
      "country": "Thailand",
      "iso2": "TH",
      "lat": 13.7563,
      "lon": 100.5018,
      "region": "Southeast Asia"
    },
    {
      "name": "Hanoi",
      "country": "Vietnam",
      "iso2": "VN",
      "lat": 21.0285,
      "lon": 105.8542,
      "region": "Southeast Asia",
      "strategic": true
    },
    {
      "name": "Ho Chi Minh City",
      "country": "Vietnam",
      "iso2": "VN",
      "lat": 10.8231,
      "lon": 106.6297,
      "region": "Southeast Asia",
      "strategic": true,
      "aliases": ["Saigon"]
    },
    {
      "name": "Jakarta",
      "country": "Indonesia",
      "iso2": "ID",
      "lat": -6.2088,
      "lon": 106.8456,
      "region": "Southeast Asia",
      "strategic": true
    },
    {
      "name": "Kuala Lumpur",
      "country": "Malaysia",
      "iso2": "MY",
      "lat": 3.1390,
      "lon": 101.6869,
      "region": "Southeast Asia"
    },
    {
      "name": "Yangon",
      "country": "Myanmar",
      "iso2": "MM",
      "lat": 16.8661,
      "lon": 96.1951,
      "region": "Southeast Asia",
      "strategic": true,
      "aliases": ["Rangoon"]
    },
    {
      "name": "Naypyidaw",
      "country": "Myanmar",
      "iso2": "MM",
      "lat": 19.7633,
      "lon": 96.0785,
      "region": "Southeast Asia",
      "strategic": true
    },
    {
      "name": "Phnom Penh",
      "country": "Cambodia",
      "iso2": "KH",
      "lat": 11.5564,
      "lon": 104.9282,
      "region": "Southeast Asia"
    },
    {
      "name": "Vientiane",
      "country": "Laos",
      "iso2": "LA",
      "lat": 17.9757,
      "lon": 102.6331,
      "region": "Southeast Asia"
    },
    {
      "name": "Canberra",
      "country": "Australia",
      "iso2": "AU",
      "lat": -35.2809,
      "lon": 149.1300,
      "region": "Oceania"
    },
    {
      "name": "Sydney",
      "country": "Australia",
      "iso2": "AU",
      "lat": -33.8688,
      "lon": 151.2093,
      "region": "Oceania"
    },
    {
      "name": "Melbourne",
      "country": "Australia",
      "iso2": "AU",
      "lat": -37.8136,
      "lon": 144.9631,
      "region": "Oceania"
    },
    {
      "name": "Auckland",
      "country": "New Zealand",
      "iso2": "NZ",
      "lat": -36.8485,
      "lon": 174.7633,
      "region": "Oceania"
    },
    {
      "name": "Wellington",
      "country": "New Zealand",
      "iso2": "NZ",
      "lat": -41.2865,
      "lon": 174.7762,
      "region": "Oceania"
    },
    {
      "name": "Addis Ababa",
      "country": "Ethiopia",
      "iso2": "ET",
      "lat": 9.0320,
      "lon": 38.7469,
      "region": "Horn of Africa",
      "strategic": true
    },
    {
      "name": "Nairobi",
      "country": "Kenya",
      "iso2": "KE",
      "lat": -1.2864,
      "lon": 36.8172,
      "region": "East Africa"
    },
    {
      "name": "Mogadishu",
      "country": "Somalia",
      "iso2": "SO",
      "lat": 2.0469,
      "lon": 45.3182,
      "region": "Horn of Africa",
      "strategic": true
    },
    {
      "name": "Djibouti City",
      "country": "Djibouti",
      "iso2": "DJ",
      "lat": 11.8251,
      "lon": 42.5903,
      "region": "Horn of Africa",
      "strategic": true
    },
    {
      "name": "Asmara",
      "country": "Eritrea",
      "iso2": "ER",
      "lat": 15.3229,
      "lon": 38.9251,
      "region": "Horn of Africa",
      "strategic": true
    },
    {
      "name": "Juba",
      "country": "South Sudan",
      "iso2": "SS",
      "lat": 4.8517,
      "lon": 31.5825,
      "region": "East Africa",
      "strategic": true
    },
    {
      "name": "Kinshasa",
      "country": "Democratic Republic of the Congo",
      "iso2": "CD",
      "lat": -4.4419,
      "lon": 15.2663,
      "region": "Central Africa",
      "strategic": true
    },
    {
      "name": "Lagos",
      "country": "Nigeria",
      "iso2": "NG",
      "lat": 6.5244,
      "lon": 3.3792,
      "region": "West Africa",
      "strategic": true
    },
    {
      "name": "Abuja",
      "country": "Nigeria",
      "iso2": "NG",
      "lat": 9.0765,
      "lon": 7.3986,
      "region": "West Africa",
      "strategic": true
    },
    {
      "name": "Johannesburg",
      "country": "South Africa",
      "iso2": "ZA",
      "lat": -26.2041,
      "lon": 28.0473,
      "region": "Southern Africa"
    },
    {
      "name": "Cape Town",
      "country": "South Africa",
      "iso2": "ZA",
      "lat": -33.9249,
      "lon": 18.4241,
      "region": "Southern Africa"
    },
    {
      "name": "Pretoria",
      "country": "South Africa",
      "iso2": "ZA",
      "lat": -25.7479,
      "lon": 28.2293,
      "region": "Southern Africa"
    },
    {
      "name": "Algiers",
      "country": "Algeria",
      "iso2": "DZ",
      "lat": 36.7538,
      "lon": 3.0588,
      "region": "North Africa"
    },
    {
      "name": "Tunis",
      "country": "Tunisia",
      "iso2": "TN",
      "lat": 36.8065,
      "lon": 10.1815,
      "region": "North Africa"
    },
    {
      "name": "Rabat",
      "country": "Morocco",
      "iso2": "MA",
      "lat": 34.0209,
      "lon": -6.8416,
      "region": "North Africa"
    },
    {
      "name": "Casablanca",
      "country": "Morocco",
      "iso2": "MA",
      "lat": 33.5731,
      "lon": -7.5898,
      "region": "North Africa"
    },
    {
      "name": "Baku",
      "country": "Azerbaijan",
      "iso2": "AZ",
      "lat": 40.4093,
      "lon": 49.8671,
      "region": "Caucasus",
      "strategic": true
    },
    {
      "name": "Yerevan",
      "country": "Armenia",
      "iso2": "AM",
      "lat": 40.1792,
      "lon": 44.4991,
      "region": "Caucasus",
      "strategic": true
    },
    {
      "name": "Tbilisi",
      "country": "Georgia",
      "iso2": "GE",
      "lat": 41.7151,
      "lon": 44.8271,
      "region": "Caucasus",
      "strategic": true
    },
    {
      "name": "Tashkent",
      "country": "Uzbekistan",
      "iso2": "UZ",
      "lat": 41.2995,
      "lon": 69.2401,
      "region": "Central Asia"
    },
    {
      "name": "Nur-Sultan",
      "country": "Kazakhstan",
      "iso2": "KZ",
      "lat": 51.1694,
      "lon": 71.4491,
      "region": "Central Asia",
      "aliases": ["Astana"]
    },
    {
      "name": "Almaty",
      "country": "Kazakhstan",
      "iso2": "KZ",
      "lat": 43.2220,
      "lon": 76.8512,
      "region": "Central Asia"
    },
    {
      "name": "Bishkek",
      "country": "Kyrgyzstan",
      "iso2": "KG",
      "lat": 42.8746,
      "lon": 74.5698,
      "region": "Central Asia"
    },
    {
      "name": "Dushanbe",
      "country": "Tajikistan",
      "iso2": "TJ",
      "lat": 38.5598,
      "lon": 68.7738,
      "region": "Central Asia"
    },
    {
      "name": "Ashgabat",
      "country": "Turkmenistan",
      "iso2": "TM",
      "lat": 37.9601,
      "lon": 58.3261,
      "region": "Central Asia"
    },
    {
      "name": "Nicosia",
      "country": "Cyprus",
      "iso2": "CY",
      "lat": 35.1856,
      "lon": 33.3823,
      "region": "Eastern Mediterranean",
      "strategic": true
    },
    {
      "name": "Sarajevo",
      "country": "Bosnia and Herzegovina",
      "iso2": "BA",
      "lat": 43.8564,
      "lon": 18.4131,
      "region": "Balkans",
      "strategic": true
    },
    {
      "name": "Zagreb",
      "country": "Croatia",
      "iso2": "HR",
      "lat": 45.8150,
      "lon": 15.9819,
      "region": "Balkans"
    },
    {
      "name": "Sofia",
      "country": "Bulgaria",
      "iso2": "BG",
      "lat": 42.6977,
      "lon": 23.3219,
      "region": "Balkans"
    },
    {
      "name": "Skopje",
      "country": "North Macedonia",
      "iso2": "MK",
      "lat": 41.9973,
      "lon": 21.4280,
      "region": "Balkans"
    },
    {
      "name": "Tirana",
      "country": "Albania",
      "iso2": "AL",
      "lat": 41.3275,
      "lon": 19.8187,
      "region": "Balkans"
    },
    {
      "name": "Podgorica",
      "country": "Montenegro",
      "iso2": "ME",
      "lat": 42.4304,
      "lon": 19.2594,
      "region": "Balkans"
    },
    {
      "name": "Chișinău",
      "country": "Moldova",
      "iso2": "MD",
      "lat": 47.0105,
      "lon": 28.8638,
      "region": "Eastern Europe",
      "strategic": true,
      "aliases": ["Chisinau"]
    },
    {
      "name": "Vienna",
      "country": "Austria",
      "iso2": "AT",
      "lat": 48.2082,
      "lon": 16.3738,
      "region": "Central Europe"
    },
    {
      "name": "Prague",
      "country": "Czech Republic",
      "iso2": "CZ",
      "lat": 50.0755,
      "lon": 14.4378,
      "region": "Central Europe"
    },
    {
      "name": "Budapest",
      "country": "Hungary",
      "iso2": "HU",
      "lat": 47.4979,
      "lon": 19.0402,
      "region": "Central Europe"
    },
    {
      "name": "Bratislava",
      "country": "Slovakia",
      "iso2": "SK",
      "lat": 48.1486,
      "lon": 17.1077,
      "region": "Central Europe"
    },
    {
      "name": "Ljubljana",
      "country": "Slovenia",
      "iso2": "SI",
      "lat": 46.0569,
      "lon": 14.5058,
      "region": "Central Europe"
    },
    {
      "name": "Brussels",
      "country": "Belgium",
      "iso2": "BE",
      "lat": 50.8503,
      "lon": 4.3517,
      "region": "Western Europe"
    },
    {
      "name": "Amsterdam",
      "country": "Netherlands",
      "iso2": "NL",
      "lat": 52.3676,
      "lon": 4.9041,
      "region": "Western Europe"
    },
    {
      "name": "Copenhagen",
      "country": "Denmark",
      "iso2": "DK",
      "lat": 55.6761,
      "lon": 12.5683,
      "region": "Northern Europe"
    },
    {
      "name": "Oslo",
      "country": "Norway",
      "iso2": "NO",
      "lat": 59.9139,
      "lon": 10.7522,
      "region": "Northern Europe"
    },
    {
      "name": "Reykjavik",
      "country": "Iceland",
      "iso2": "IS",
      "lat": 64.1466,
      "lon": -21.9426,
      "region": "Northern Europe"
    },
    {
      "name": "Dublin",
      "country": "Ireland",
      "iso2": "IE",
      "lat": 53.3498,
      "lon": -6.2603,
      "region": "Western Europe"
    },
    {
      "name": "Lisbon",
      "country": "Portugal",
      "iso2": "PT",
      "lat": 38.7223,
      "lon": -9.1393,
      "region": "Southern Europe"
    },
    {
      "name": "Barcelona",
      "country": "Spain",
      "iso2": "ES",
      "lat": 41.3851,
      "lon": 2.1734,
      "region": "Southern Europe"
    },
    {
      "name": "Milan",
      "country": "Italy",
      "iso2": "IT",
      "lat": 45.4642,
      "lon": 9.1900,
      "region": "Southern Europe"
    },
    {
      "name": "Naples",
      "country": "Italy",
      "iso2": "IT",
      "lat": 40.8518,
      "lon": 14.2681,
      "region": "Southern Europe"
    },
    {
      "name": "Valletta",
      "country": "Malta",
      "iso2": "MT",
      "lat": 35.8989,
      "lon": 14.5146,
      "region": "Southern Europe"
    },
    {
      "name": "Zurich",
      "country": "Switzerland",
      "iso2": "CH",
      "lat": 47.3769,
      "lon": 8.5417,
      "region": "Central Europe"
    },
    {
      "name": "Bern",
      "country": "Switzerland",
      "iso2": "CH",
      "lat": 46.9480,
      "lon": 7.4474,
      "region": "Central Europe"
    },
    {
      "name": "Geneva",
      "country": "Switzerland",
      "iso2": "CH",
      "lat": 46.2044,
      "lon": 6.1432,
      "region": "Central Europe"
    },
    {
      "name": "Luxembourg City",
      "country": "Luxembourg",
      "iso2": "LU",
      "lat": 49.6116,
      "lon": 6.1319,
      "region": "Western Europe"
    },
    {
      "name": "Monaco",
      "country": "Monaco",
      "iso2": "MC",
      "lat": 43.7384,
      "lon": 7.4246,
      "region": "Southern Europe"
    },
    {
      "name": "Andorra la Vella",
      "country": "Andorra",
      "iso2": "AD",
      "lat": 42.5063,
      "lon": 1.5218,
      "region": "Southern Europe"
    },
    {
      "name": "San Marino",
      "country": "San Marino",
      "iso2": "SM",
      "lat": 43.9424,
      "lon": 12.4578,
      "region": "Southern Europe"
    },
    {
      "name": "Vatican City",
      "country": "Vatican City",
      "iso2": "VA",
      "lat": 41.9029,
      "lon": 12.4534,
      "region": "Southern Europe"
    },
    {
      "name": "Chengdu",
      "country": "China",
      "iso2": "CN",
      "lat": 30.5728,
      "lon": 104.0668,
      "region": "East Asia"
    },
    {
      "name": "Guangzhou",
      "country": "China",
      "iso2": "CN",
      "lat": 23.1291,
      "lon": 113.2644,
      "region": "East Asia"
    },
    {
      "name": "Shenzhen",
      "country": "China",
      "iso2": "CN",
      "lat": 22.5431,
      "lon": 114.0579,
      "region": "East Asia",
      "strategic": true
    },
    {
      "name": "Wuhan",
      "country": "China",
      "iso2": "CN",
      "lat": 30.5928,
      "lon": 114.3055,
      "region": "East Asia"
    },
    {
      "name": "Xi'an",
      "country": "China",
      "iso2": "CN",
      "lat": 34.3416,
      "lon": 108.9398,
      "region": "East Asia"
    },
    {
      "name": "Nanjing",
      "country": "China",
      "iso2": "CN",
      "lat": 32.0603,
      "lon": 118.7969,
      "region": "East Asia"
    },
    {
      "name": "Harbin",
      "country": "China",
      "iso2": "CN",
      "lat": 45.8038,
      "lon": 126.5340,
      "region": "East Asia"
    },
    {
      "name": "Urumqi",
      "country": "China",
      "iso2": "CN",
      "lat": 43.8256,
      "lon": 87.6168,
      "region": "East Asia",
      "strategic": true
    },
    {
      "name": "Lhasa",
      "country": "China",
      "iso2": "CN",
      "lat": 29.6500,
      "lon": 91.1000,
      "region": "East Asia",
      "strategic": true
    },
    {
      "name": "Osaka",
      "country": "Japan",
      "iso2": "JP",
      "lat": 34.6937,
      "lon": 135.5023,
      "region": "East Asia"
    },
    {
      "name": "Nagoya",
      "country": "Japan",
      "iso2": "JP",
      "lat": 35.1815,
      "lon": 136.9066,
      "region": "East Asia"
    },
    {
      "name": "Sapporo",
      "country": "Japan",
      "iso2": "JP",
      "lat": 43.0642,
      "lon": 141.3469,
      "region": "East Asia"
    },
    {
      "name": "Fukuoka",
      "country": "Japan",
      "iso2": "JP",
      "lat": 33.5904,
      "lon": 130.4017,
      "region": "East Asia"
    },
    {
      "name": "Busan",
      "country": "South Korea",
      "iso2": "KR",
      "lat": 35.1796,
      "lon": 129.0756,
      "region": "East Asia"
    },
    {
      "name": "Incheon",
      "country": "South Korea",
      "iso2": "KR",
      "lat": 37.4563,
      "lon": 126.7052,
      "region": "East Asia"
    },
    {
      "name": "Dhaka",
      "country": "Bangladesh",
      "iso2": "BD",
      "lat": 23.8103,
      "lon": 90.4125,
      "region": "South Asia"
    },
    {
      "name": "Kolkata",
      "country": "India",
      "iso2": "IN",
      "lat": 22.5726,
      "lon": 88.3639,
      "region": "South Asia"
    },
    {
      "name": "Chennai",
      "country": "India",
      "iso2": "IN",
      "lat": 13.0827,
      "lon": 80.2707,
      "region": "South Asia"
    },
    {
      "name": "Bangalore",
      "country": "India",
      "iso2": "IN",
      "lat": 12.9716,
      "lon": 77.5946,
      "region": "South Asia"
    },
    {
      "name": "Hyderabad",
      "country": "India",
      "iso2": "IN",
      "lat": 17.3850,
      "lon": 78.4867,
      "region": "South Asia"
    },
    {
      "name": "Pune",
      "country": "India",
      "iso2": "IN",
      "lat": 18.5204,
      "lon": 73.8567,
      "region": "South Asia"
    },
    {
      "name": "Ahmedabad",
      "country": "India",
      "iso2": "IN",
      "lat": 23.0225,
      "lon": 72.5714,
      "region": "South Asia"
    },
    {
      "name": "Srinagar",
      "country": "India",
      "iso2": "IN",
      "lat": 34.0837,
      "lon": 74.7973,
      "region": "South Asia",
      "strategic": true
    },
    {
      "name": "Lahore",
      "country": "Pakistan",
      "iso2": "PK",
      "lat": 31.5497,
      "lon": 74.3436,
      "region": "South Asia",
      "strategic": true
    },
    {
      "name": "Peshawar",
      "country": "Pakistan",
      "iso2": "PK",
      "lat": 34.0151,
      "lon": 71.5249,
      "region": "South Asia",
      "strategic": true
    },
    {
      "name": "Quetta",
      "country": "Pakistan",
      "iso2": "PK",
      "lat": 30.1798,
      "lon": 66.9750,
      "region": "South Asia",
      "strategic": true
    },
    {
      "name": "Colombo",
      "country": "Sri Lanka",
      "iso2": "LK",
      "lat": 6.9271,
      "lon": 79.8612,
      "region": "South Asia"
    },
    {
      "name": "Kathmandu",
      "country": "Nepal",
      "iso2": "NP",
      "lat": 27.7172,
      "lon": 85.3240,
      "region": "South Asia"
    },
    {
      "name": "Thimphu",
      "country": "Bhutan",
      "iso2": "BT",
      "lat": 27.4728,
      "lon": 89.6390,
      "region": "South Asia"
    },
    {
      "name": "Malé",
      "country": "Maldives",
      "iso2": "MV",
      "lat": 4.1755,
      "lon": 73.5093,
      "region": "South Asia"
    },
    {
      "name": "Bandar Seri Begawan",
      "country": "Brunei",
      "iso2": "BN",
      "lat": 4.9031,
      "lon": 114.9398,
      "region": "Southeast Asia"
    },
    {
      "name": "Dili",
      "country": "Timor-Leste",
      "iso2": "TL",
      "lat": -8.5569,
      "lon": 125.5603,
      "region": "Southeast Asia"
    },
    {
      "name": "Port Moresby",
      "country": "Papua New Guinea",
      "iso2": "PG",
      "lat": -9.4438,
      "lon": 147.1803,
      "region": "Oceania"
    },
    {
      "name": "Suva",
      "country": "Fiji",
      "iso2": "FJ",
      "lat": -18.1248,
      "lon": 178.4501,
      "region": "Oceania"
    },
    {
      "name": "Apia",
      "country": "Samoa",
      "iso2": "WS",
      "lat": -13.8506,
      "lon": -171.7513,
      "region": "Oceania"
    },
    {
      "name": "Nuku'alofa",
      "country": "Tonga",
      "iso2": "TO",
      "lat": -21.1393,
      "lon": -175.2048,
      "region": "Oceania"
    },
    {
      "name": "Honiara",
      "country": "Solomon Islands",
      "iso2": "SB",
      "lat": -9.4456,
      "lon": 159.9729,
      "region": "Oceania"
    },
    {
      "name": "Port Vila",
      "country": "Vanuatu",
      "iso2": "VU",
      "lat": -17.7333,
      "lon": 168.3273,
      "region": "Oceania"
    },
    {
      "name": "Kampala",
      "country": "Uganda",
      "iso2": "UG",
      "lat": 0.3476,
      "lon": 32.5825,
      "region": "East Africa"
    },
    {
      "name": "Dar es Salaam",
      "country": "Tanzania",
      "iso2": "TZ",
      "lat": -6.7924,
      "lon": 39.2083,
      "region": "East Africa"
    },
    {
      "name": "Kigali",
      "country": "Rwanda",
      "iso2": "RW",
      "lat": -1.9403,
      "lon": 30.0619,
      "region": "East Africa"
    },
    {
      "name": "Bujumbura",
      "country": "Burundi",
      "iso2": "BI",
      "lat": -3.3731,
      "lon": 29.3644,
      "region": "East Africa"
    },
    {
      "name": "Maputo",
      "country": "Mozambique",
      "iso2": "MZ",
      "lat": -25.9655,
      "lon": 32.5832,
      "region": "East Africa"
    },
    {
      "name": "Lusaka",
      "country": "Zambia",
      "iso2": "ZM",
      "lat": -15.3875,
      "lon": 28.3228,
      "region": "Southern Africa"
    },
    {
      "name": "Harare",
      "country": "Zimbabwe",
      "iso2": "ZW",
      "lat": -17.8252,
      "lon": 31.0335,
      "region": "Southern Africa"
    },
    {
      "name": "Gaborone",
      "country": "Botswana",
      "iso2": "BW",
      "lat": -24.6282,
      "lon": 25.9231,
      "region": "Southern Africa"
    },
    {
      "name": "Windhoek",
      "country": "Namibia",
      "iso2": "NA",
      "lat": -22.5597,
      "lon": 17.0832,
      "region": "Southern Africa"
    },
    {
      "name": "Maseru",
      "country": "Lesotho",
      "iso2": "LS",
      "lat": -29.3167,
      "lon": 27.4833,
      "region": "Southern Africa"
    },
    {
      "name": "Mbabane",
      "country": "Eswatini",
      "iso2": "SZ",
      "lat": -26.3054,
      "lon": 31.1367,
      "region": "Southern Africa"
    },
    {
      "name": "Antananarivo",
      "country": "Madagascar",
      "iso2": "MG",
      "lat": -18.8792,
      "lon": 47.5079,
      "region": "East Africa"
    },
    {
      "name": "Port Louis",
      "country": "Mauritius",
      "iso2": "MU",
      "lat": -20.1609,
      "lon": 57.5012,
      "region": "East Africa"
    },
    {
      "name": "Moroni",
      "country": "Comoros",
      "iso2": "KM",
      "lat": -11.7172,
      "lon": 43.2473,
      "region": "East Africa"
    },
    {
      "name": "Victoria",
      "country": "Seychelles",
      "iso2": "SC",
      "lat": -4.6191,
      "lon": 55.4513,
      "region": "East Africa"
    },
    {
      "name": "Dakar",
      "country": "Senegal",
      "iso2": "SN",
      "lat": 14.6928,
      "lon": -17.4467,
      "region": "West Africa"
    },
    {
      "name": "Bamako",
      "country": "Mali",
      "iso2": "ML",
      "lat": 12.6392,
      "lon": -8.0029,
      "region": "West Africa",
      "strategic": true
    },
    {
      "name": "Ouagadougou",
      "country": "Burkina Faso",
      "iso2": "BF",
      "lat": 12.3714,
      "lon": -1.5197,
      "region": "West Africa",
      "strategic": true
    },
    {
      "name": "Niamey",
      "country": "Niger",
      "iso2": "NE",
      "lat": 13.5127,
      "lon": 2.1128,
      "region": "West Africa",
      "strategic": true
    },
    {
      "name": "N'Djamena",
      "country": "Chad",
      "iso2": "TD",
      "lat": 12.1348,
      "lon": 15.0557,
      "region": "Central Africa",
      "strategic": true
    },
    {
      "name": "Bangui",
      "country": "Central African Republic",
      "iso2": "CF",
      "lat": 4.3947,
      "lon": 18.5582,
      "region": "Central Africa",
      "strategic": true
    },
    {
      "name": "Yaoundé",
      "country": "Cameroon",
      "iso2": "CM",
      "lat": 3.8480,
      "lon": 11.5021,
      "region": "Central Africa"
    },
    {
      "name": "Libreville",
      "country": "Gabon",
      "iso2": "GA",
      "lat": 0.4162,
      "lon": 9.4673,
      "region": "Central Africa"
    },
    {
      "name": "Brazzaville",
      "country": "Congo",
      "iso2": "CG",
      "lat": -4.2634,
      "lon": 15.2429,
      "region": "Central Africa"
    },
    {
      "name": "Luanda",
      "country": "Angola",
      "iso2": "AO",
      "lat": -8.8383,
      "lon": 13.2344,
      "region": "Central Africa"
    },
    {
      "name": "Accra",
      "country": "Ghana",
      "iso2": "GH",
      "lat": 5.6037,
      "lon": -0.1870,
      "region": "West Africa"
    },
    {
      "name": "Lomé",
      "country": "Togo",
      "iso2": "TG",
      "lat": 6.1256,
      "lon": 1.2315,
      "region": "West Africa"
    },
    {
      "name": "Cotonou",
      "country": "Benin",
      "iso2": "BJ",
      "lat": 6.3703,
      "lon": 2.3912,
      "region": "West Africa"
    },
    {
      "name": "Conakry",
      "country": "Guinea",
      "iso2": "GN",
      "lat": 9.6412,
      "lon": -13.5784,
      "region": "West Africa"
    },
    {
      "name": "Freetown",
      "country": "Sierra Leone",
      "iso2": "SL",
      "lat": 8.4657,
      "lon": -13.2317,
      "region": "West Africa"
    },
    {
      "name": "Monrovia",
      "country": "Liberia",
      "iso2": "LR",
      "lat": 6.3156,
      "lon": -10.8074,
      "region": "West Africa"
    },
    {
      "name": "Banjul",
      "country": "Gambia",
      "iso2": "GM",
      "lat": 13.4549,
      "lon": -16.5790,
      "region": "West Africa"
    },
    {
      "name": "Bissau",
      "country": "Guinea-Bissau",
      "iso2": "GW",
      "lat": 11.8636,
      "lon": -15.5982,
      "region": "West Africa"
    },
    {
      "name": "Praia",
      "country": "Cape Verde",
      "iso2": "CV",
      "lat": 14.9177,
      "lon": -23.5092,
      "region": "West Africa"
    },
    {
      "name": "São Tomé",
      "country": "São Tomé and Príncipe",
      "iso2": "ST",
      "lat": 0.3365,
      "lon": 6.7273,
      "region": "Central Africa"
    },
    {
      "name": "Malabo",
      "country": "Equatorial Guinea",
      "iso2": "GQ",
      "lat": 3.7521,
      "lon": 8.7737,
      "region": "Central Africa"
    },
    {
      "name": "Yamoussoukro",
      "country": "Ivory Coast",
      "iso2": "CI",
      "lat": 6.8270,
      "lon": -5.2893,
      "region": "West Africa"
    },
    {
      "name": "Abidjan",
      "country": "Ivory Coast",
      "iso2": "CI",
      "lat": 5.3600,
      "lon": -4.0083,
      "region": "West Africa"
    },
    {
      "name": "Nouakchott",
      "country": "Mauritania",
      "iso2": "MR",
      "lat": 18.0735,
      "lon": -15.9582,
      "region": "West Africa"
    },
    {
      "name": "Panama City",
      "country": "Panama",
      "iso2": "PA",
      "lat": 8.9824,
      "lon": -79.5199,
      "region": "Central America"
    },
    {
      "name": "San José",
      "country": "Costa Rica",
      "iso2": "CR",
      "lat": 9.9281,
      "lon": -84.0907,
      "region": "Central America"
    },
    {
      "name": "Managua",
      "country": "Nicaragua",
      "iso2": "NI",
      "lat": 12.1150,
      "lon": -86.2362,
      "region": "Central America"
    },
    {
      "name": "Tegucigalpa",
      "country": "Honduras",
      "iso2": "HN",
      "lat": 14.0723,
      "lon": -87.1921,
      "region": "Central America"
    },
    {
      "name": "San Salvador",
      "country": "El Salvador",
      "iso2": "SV",
      "lat": 13.6929,
      "lon": -89.2182,
      "region": "Central America"
    },
    {
      "name": "Guatemala City",
      "country": "Guatemala",
      "iso2": "GT",
      "lat": 14.6349,
      "lon": -90.5069,
      "region": "Central America"
    },
    {
      "name": "Belmopan",
      "country": "Belize",
      "iso2": "BZ",
      "lat": 17.2510,
      "lon": -88.7590,
      "region": "Central America"
    },
    {
      "name": "Kingston",
      "country": "Jamaica",
      "iso2": "JM",
      "lat": 18.0179,
      "lon": -76.8099,
      "region": "Caribbean"
    },
    {
      "name": "Port-au-Prince",
      "country": "Haiti",
      "iso2": "HT",
      "lat": 18.5944,
      "lon": -72.3074,
      "region": "Caribbean"
    },
    {
      "name": "Santo Domingo",
      "country": "Dominican Republic",
      "iso2": "DO",
      "lat": 18.4861,
      "lon": -69.9312,
      "region": "Caribbean"
    },
    {
      "name": "San Juan",
      "country": "Puerto Rico",
      "iso2": "PR",
      "lat": 18.4655,
      "lon": -66.1057,
      "region": "Caribbean"
    },
    {
      "name": "Bridgetown",
      "country": "Barbados",
      "iso2": "BB",
      "lat": 13.0969,
      "lon": -59.6145,
      "region": "Caribbean"
    },
    {
      "name": "Port of Spain",
      "country": "Trinidad and Tobago",
      "iso2": "TT",
      "lat": 10.6596,
      "lon": -61.5089,
      "region": "Caribbean"
    },
    {
      "name": "Nassau",
      "country": "Bahamas",
      "iso2": "BS",
      "lat": 25.0443,
      "lon": -77.3504,
      "region": "Caribbean"
    },
    {
      "name": "George Town",
      "country": "Cayman Islands",
      "iso2": "KY",
      "lat": 19.2866,
      "lon": -81.3744,
      "region": "Caribbean"
    },
    {
      "name": "Quito",
      "country": "Ecuador",
      "iso2": "EC",
      "lat": -0.1807,
      "lon": -78.4678,
      "region": "South America"
    },
    {
      "name": "La Paz",
      "country": "Bolivia",
      "iso2": "BO",
      "lat": -16.5000,
      "lon": -68.1500,
      "region": "South America"
    },
    {
      "name": "Asunción",
      "country": "Paraguay",
      "iso2": "PY",
      "lat": -25.2637,
      "lon": -57.5759,
      "region": "South America"
    },
    {
      "name": "Montevideo",
      "country": "Uruguay",
      "iso2": "UY",
      "lat": -34.9011,
      "lon": -56.1645,
      "region": "South America"
    },
    {
      "name": "Paramaribo",
      "country": "Suriname",
      "iso2": "SR",
      "lat": 5.8520,
      "lon": -55.2038,
      "region": "South America"
    },
    {
      "name": "Georgetown",
      "country": "Guyana",
      "iso2": "GY",
      "lat": 6.8013,
      "lon": -58.1551,
      "region": "South America"
    },
    {
      "name": "Cayenne",
      "country": "French Guiana",
      "iso2": "GF",
      "lat": 4.9227,
      "lon": -52.3269,
      "region": "South America"
    }
  ]
}
